"nazwa","wyświetlacz","pamięć_RAM","pamięć_wbudowana","aparat_foto","cena","liczba_opinii","ocena_klienta","status_opinii"
"Moto G6",5.7,4,64,12,300,100,3,"50-100 opinii"
"Moto G7",6.2,4,128,16,400,150,4.5,"więcej 100 opinii"
"Moto G8",6.1,6,128,20,450,200,2.5,"więcej 100 opinii"
"Moto G9",6.3,6,64,12,350,120,1.5,"więcej 100 opinii"
"Moto G10",6.4,4,64,13,350,130,3,"więcej 100 opinii"
"Moto G11",6.5,8,256,20,600,250,2,"więcej 100 opinii"
"Moto G12",6.2,6,128,16,400,160,4,"więcej 100 opinii"
"Moto G13",6.4,4,64,12,300,110,1,"więcej 100 opinii"
"Moto G14",6.3,6,128,20,500,180,4.5,"więcej 100 opinii"
"Moto G15",6.1,8,256,16,450,170,0.5,"więcej 100 opinii"
"Edge 40 Neo",6.5,12,256,32,1900,85,2.5,"50-100 opinii"
"Motorola Moto G Power",6.4,4,64,48,249.99,500,0,"więcej 100 opinii"
"Motorola Edge 20",6.7,6,128,108,399.99,200,2,"więcej 100 opinii"
"Motorola Moto G Stylus",6.8,4,128,48,299.99,400,3,"więcej 100 opinii"
"Motorola Moto G Pure",6.5,3,32,13,159.99,150,4,"więcej 100 opinii"
